<?xml version="1.0" encoding="UTF-8" ?>
<!DOCTYPE mapper PUBLIC "-//mybatis.org//DTD Mapper 3.0//EN" "http://mybatis.org/dtd/mybatis-3-mapper.dtd" >
<mapper namespace="sinosoft.project.transvideo.dao.TransVideoMapper" >
  <resultMap id="BaseResultMap" type="sinosoft.project.transvideo.vo.TransVideo" >
    <id column="TRANSSERIALNO" property="transserialno" jdbcType="VARCHAR" />
    <result column="ORIVEDIONAME" property="orivedioname" jdbcType="VARCHAR" />
    <result column="ORIVEDIOPATH" property="orivediopath" jdbcType="VARCHAR" />
    <result column="BANKCODE" property="bankcode" jdbcType="VARCHAR" />
    <result column="BUSSNO" property="bussno" jdbcType="VARCHAR" />
    <result column="TRANSSTATE" property="transstate" jdbcType="VARCHAR" />
    <result column="TRANSTYPE" property="transtype" jdbcType="VARCHAR" />
    <result column="TRANSCOUNT" property="transcount" jdbcType="VARCHAR" />
    <result column="TRANSDATE" property="transdate" jdbcType="DATE" />
    <result column="TRANSTIME" property="transtime" jdbcType="VARCHAR" />
    <result column="NEWVEDIONAME" property="newvedioname" jdbcType="VARCHAR" />
    <result column="NEWVEDIOPATH" property="newvediopath" jdbcType="VARCHAR" />
    <result column="OPERATOR" property="operator" jdbcType="VARCHAR" />
    <result column="MAKEDATE" property="makedate" jdbcType="DATE" />
    <result column="MAKETIME" property="maketime" jdbcType="VARCHAR" />
    <result column="MODIFYDATE" property="modifydate" jdbcType="DATE" />
    <result column="MODIFYTIME" property="modifytime" jdbcType="VARCHAR" />
    <result column="RETURNADDRESS" property="returnaddress" jdbcType="VARCHAR" />
    <result column="ISDO" property="isdo" jdbcType="VARCHAR" />
  </resultMap>
  <sql id="Base_Column_List" >
    TRANSSERIALNO, ORIVEDIONAME, ORIVEDIOPATH, BANKCODE, BUSSNO, TRANSSTATE, TRANSTYPE,
    TRANSCOUNT, TRANSDATE, TRANSTIME, NEWVEDIONAME, NEWVEDIOPATH, OPERATOR, MAKEDATE,
    MAKETIME, MODIFYDATE, MODIFYTIME, RETURNADDRESS ,ISDO
  </sql>
  <select id="selectByPrimaryKey" resultMap="BaseResultMap" parameterType="java.lang.String" >
    select
    <include refid="Base_Column_List" />
    from PRE_TRANSVIDEO
    where TRANSSERIALNO = #{transserialno,jdbcType=VARCHAR}
  </select>
  <select id="selectByFilterS" resultType="sinosoft.project.transvideo.vo.TransVideo">
  	select
  		orivedioname,
	  	OriVedioPath orivediopath,
	  	(case when (TRANSSTATE='1' and TRANSINFO='success') then '0' else '1' end) transstate,
	  	NEWVEDIOPATH newvediopath
	  	from Pre_TransVideo
	  	where TRANSSTATE='1' and to_char(transdate,'YYYY-MM-dd')=to_char(sysdate,'YYYY-MM-dd') and bankcode=#{0}
  </select>
  <select id="selectByFilter" resultType="sinosoft.project.transvideo.vo.TransVideo">
 	select
	  	TRANSSERIALNO transserialno,
	  	OriVedioPath orivediopath,
	  	OriVedioName orivedioname,
	  	NEWVEDIOPATH newvediopath,
	  	TRANSCOUNT transcount,
	  	TRANSTYPE transtype,
	  	ISDO isdo,
	  	RETURNADDRESS returnaddress,
	  	bussno bussno,
	  	NEWVEDIONAME newvedioname,
	  	serverpoint
	  	from Pre_TransVideo
  		where
  		transstate in('0','2')
  		and (isdo is null or isdo='0')
  		and TRANSCOUNT &lt;12
  		and serverpoint=#{serverpoint,jdbcType=VARCHAR}
  </select>
    <select id="selectBycheckisdo" parameterType="java.lang.String" resultType="sinosoft.project.transvideo.vo.TransVideo">
  		select TRANSSERIALNO,TRANSTYPE,MODIFYDATE  from PRE_TRANSVIDEO where  isdo='1'
 	</select>
  	<select id="selectByCount1" parameterType="java.lang.String" resultType="java.lang.String">
  		select count(0) total from PRE_TRANSVIDEO where TRANSSTATE='1' and to_char(transdate,'YYYY-MM-dd')=to_char(sysdate,'YYYY-MM-dd')
	</select>
  	<select id="selectByCount2" parameterType="java.lang.String" resultType="java.lang.String">
  		select count(0) total from PRE_TRANSVIDEO where TRANSSTATE='1' and TRANSINFO!='success' and TRANSSTATE='1' and to_char(transdate,'YYYY-MM-dd')=to_char(sysdate,'YYYY-MM-dd')
  	</select>
  	<select id="selectByCount0" parameterType="java.lang.String" resultType="java.lang.String">
  		select count(0) total from PRE_TRANSVIDEO where TRANSSTATE='1' and TRANSINFO='success' and TRANSSTATE='1' and to_char(transdate,'YYYY-MM-dd')=to_char(sysdate,'YYYY-MM-dd')
  	</select>
  	<select id="selectByCount3" parameterType="java.lang.String" resultType="java.lang.String">
  		select count(0) total from PRE_TRANSVIDEO where  TRANSSTATE='1' and to_char(transdate,'YYYY-MM-dd')=to_char(sysdate,'YYYY-MM-dd')
 	</select>
 	<select id="selectByCount4" parameterType="java.lang.String" resultType="java.lang.Integer">
  		select count(0) total from PRE_TRANSVIDEO where  isdo='1' and serverpoint=#{0}
 	</select>
 	<select id="selectDealVideo" parameterType="java.lang.String" resultType="java.lang.Integer">
  		select count(0) total from PRE_DEALVIDEO where serverpoint=#{0} and transstate='0'
 	</select>
  <delete id="deleteByPrimaryKey" parameterType="java.lang.String" >
    delete from PRE_TRANSVIDEO
    where TRANSSERIALNO = #{transserialno,jdbcType=VARCHAR}
  </delete>
  <update id="updateDealVideo" >
    update PRE_DEALVIDEO set INFODEAL=#{1},modifydate=#{2,jdbcType=TIMESTAMP},transstate=#{3}
    where TRANSSERIALNO = #{0}
  </update>
  <insert id="insert" parameterType="sinosoft.project.transvideo.vo.TransVideo" >
    insert into PRE_TRANSVIDEO (TRANSSERIALNO, ORIVEDIONAME, ORIVEDIOPATH,
      BANKCODE, BUSSNO, TRANSSTATE,
      TRANSTYPE, TRANSCOUNT, TRANSDATE,
      TRANSTIME, NEWVEDIONAME, NEWVEDIOPATH,
      OPERATOR, MAKEDATE, MAKETIME,
      MODIFYDATE, MODIFYTIME, RETURNADDRESS)
    values (#{transserialno,jdbcType=VARCHAR}, #{orivedioname,jdbcType=VARCHAR}, #{orivediopath,jdbcType=VARCHAR},
      #{bankcode,jdbcType=VARCHAR}, #{bussno,jdbcType=VARCHAR}, #{transstate,jdbcType=VARCHAR},
      #{transtype,jdbcType=VARCHAR}, #{transcount,jdbcType=DECIMAL}, #{transdate,jdbcType=DATE},
      #{transtime,jdbcType=VARCHAR}, #{newvedioname,jdbcType=VARCHAR}, #{newvediopath,jdbcType=VARCHAR},
      #{operator,jdbcType=VARCHAR}, #{makedate,jdbcType=DATE}, #{maketime,jdbcType=VARCHAR},
      #{modifydate,jdbcType=DATE}, #{modifytime,jdbcType=VARCHAR}, #{returnaddress,jdbcType=VARCHAR})
  </insert>
  <insert id="insertDeal" parameterType="sinosoft.project.transvideo.vo.TransVideo" >
    insert into PRE_DEALVIDEO (
      	TRANSSERIALNO,
	  	OriVedioPath,
	  	OriVedioName,
	  	NEWVEDIOPATH,
	  	TRANSCOUNT,
	  	TRANSTYPE,
	  	RETURNADDRESS,
	  	bussno,
	  	NEWVEDIONAME,
	  	makedate,
	  	serverpoint,
	  	transstate)
    values (
      #{transserialno,jdbcType=VARCHAR},
      #{orivediopath,jdbcType=VARCHAR},
      #{orivedioname,jdbcType=VARCHAR},
      #{newvediopath,jdbcType=VARCHAR},
      #{transcount,jdbcType=VARCHAR},
      #{transtype,jdbcType=VARCHAR},
      #{returnaddress,jdbcType=VARCHAR},
      #{bussno,jdbcType=VARCHAR},
      #{newvedioname,jdbcType=VARCHAR},
      #{makedate,jdbcType=TIMESTAMP},
      #{serverpoint,jdbcType=VARCHAR},'0')
  </insert>
  <delete id="deleteDealVideo" parameterType="java.lang.String">
  	delete from PRE_DEALVIDEO where transserialno=#{0}
  </delete>
  <insert id="insertSelective" parameterType="sinosoft.project.transvideo.vo.TransVideo" >
    insert into PRE_TRANSVIDEO
    <trim prefix="(" suffix=")" suffixOverrides="," >
      <if test="transserialno != null" >
        TRANSSERIALNO,
      </if>
      <if test="orivedioname != null" >
        ORIVEDIONAME,
      </if>
      <if test="orivediopath != null" >
        ORIVEDIOPATH,
      </if>
      <if test="bankcode != null" >
        BANKCODE,
      </if>
      <if test="bussno != null" >
        BUSSNO,
      </if>
      <if test="transstate != null" >
        TRANSSTATE,
      </if>
      <if test="transtype != null" >
        TRANSTYPE,
      </if>
      <if test="transcount != null" >
        TRANSCOUNT,
      </if>
      <if test="transdate != null" >
        TRANSDATE,
      </if>
      <if test="transtime != null" >
        TRANSTIME,
      </if>
      <if test="newvedioname != null" >
        NEWVEDIONAME,
      </if>
      <if test="newvediopath != null" >
        NEWVEDIOPATH,
      </if>
      <if test="operator != null" >
        OPERATOR,
      </if>
      <if test="makedate != null" >
        MAKEDATE,
      </if>
      <if test="maketime != null" >
        MAKETIME,
      </if>
      <if test="modifydate != null" >
        MODIFYDATE,
      </if>
      <if test="modifytime != null" >
        MODIFYTIME,
      </if>
      <if test="returnaddress != null" >
        RETURNADDRESS,
      </if>
      <if test="serverpoint != null" >
        SERVERPOINT,
      </if>
    </trim>
    <trim prefix="values (" suffix=")" suffixOverrides="," >
      <if test="transserialno != null" >
        #{transserialno,jdbcType=VARCHAR},
      </if>
      <if test="orivedioname != null" >
        #{orivedioname,jdbcType=VARCHAR},
      </if>
      <if test="orivediopath != null" >
        #{orivediopath,jdbcType=VARCHAR},
      </if>
      <if test="bankcode != null" >
        #{bankcode,jdbcType=VARCHAR},
      </if>
      <if test="bussno != null" >
        #{bussno,jdbcType=VARCHAR},
      </if>
      <if test="transstate != null" >
        #{transstate,jdbcType=VARCHAR},
      </if>
      <if test="transtype != null" >
        #{transtype,jdbcType=VARCHAR},
      </if>
      <if test="transcount != null" >
        #{transcount,jdbcType=VARCHAR},
      </if>
      <if test="transdate != null" >
        #{transdate,jdbcType=DATE},
      </if>
      <if test="transtime != null" >
        #{transtime,jdbcType=VARCHAR},
      </if>
      <if test="newvedioname != null" >
        #{newvedioname,jdbcType=VARCHAR},
      </if>
      <if test="newvediopath != null" >
        #{newvediopath,jdbcType=VARCHAR},
      </if>
      <if test="operator != null" >
        #{operator,jdbcType=VARCHAR},
      </if>
      <if test="makedate != null" >
        #{makedate,jdbcType=DATE},
      </if>
      <if test="maketime != null" >
        #{maketime,jdbcType=VARCHAR},
      </if>
      <if test="modifydate != null" >
        #{modifydate,jdbcType=DATE},
      </if>
      <if test="modifytime != null" >
        #{modifytime,jdbcType=VARCHAR},
      </if>
       <if test="returnaddress != null" >
        #{returnaddress,jdbcType=VARCHAR},
      </if>
       <if test="serverpoint != null" >
        #{serverpoint,jdbcType=VARCHAR},
      </if>
    </trim>
  </insert>
  <update id="startupdateStatus" parameterType="java.lang.Object">
  		update PRE_TRANSVIDEO set TRANSSTATE=#{0},TRANSINFO=#{1},MODIFYDATE=#{2},MODIFYTIME=#{3} where TRANSSERIALNO=#{4}
  </update>
  <update id="updateStatus" parameterType="java.lang.Object">
  		update PRE_TRANSVIDEO set TRANSSTATE=#{0},TRANSINFO=#{1},MODIFYDATE=#{2},MODIFYTIME=#{3},TRANSCOUNT=TRANSCOUNT+1 where TRANSSERIALNO=#{4}
  </update>
  <update id="updateIsdo" parameterType="java.lang.String">
  		update PRE_TRANSVIDEO set ISDO=#{0} where TRANSSERIALNO=#{1}
  </update>
  <update id="updateByPrimaryKeySelective" parameterType="sinosoft.project.transvideo.vo.TransVideo" >
    update PRE_TRANSVIDEO
    <set >
      <if test="orivedioname != null" >
        ORIVEDIONAME = #{orivedioname,jdbcType=VARCHAR},
      </if>
      <if test="orivediopath != null" >
        ORIVEDIOPATH = #{orivediopath,jdbcType=VARCHAR},
      </if>
      <if test="bankcode != null" >
        BANKCODE = #{bankcode,jdbcType=VARCHAR},
      </if>
      <if test="bussno != null" >
        BUSSNO = #{bussno,jdbcType=VARCHAR},
      </if>
      <if test="transstate != null" >
        TRANSSTATE = #{transstate,jdbcType=VARCHAR},
      </if>
      <if test="transtype != null" >
        TRANSTYPE = #{transtype,jdbcType=VARCHAR},
      </if>
      <if test="transcount != null" >
        TRANSCOUNT = #{transcount,jdbcType=DECIMAL},
      </if>
      <if test="transdate != null" >
        TRANSDATE = #{transdate,jdbcType=DATE},
      </if>
      <if test="transtime != null" >
        TRANSTIME = #{transtime,jdbcType=VARCHAR},
      </if>
      <if test="newvedioname != null" >
        NEWVEDIONAME = #{newvedioname,jdbcType=VARCHAR},
      </if>
      <if test="newvediopath != null" >
        NEWVEDIOPATH = #{newvediopath,jdbcType=VARCHAR},
      </if>
      <if test="operator != null" >
        OPERATOR = #{operator,jdbcType=VARCHAR},
      </if>
      <if test="makedate != null" >
        MAKEDATE = #{makedate,jdbcType=DATE},
      </if>
      <if test="maketime != null" >
        MAKETIME = #{maketime,jdbcType=VARCHAR},
      </if>
      <if test="modifydate != null" >
        MODIFYDATE = #{modifydate,jdbcType=DATE},
      </if>
      <if test="modifytime != null" >
        MODIFYTIME = #{modifytime,jdbcType=VARCHAR},
      </if>
       <if test="returnaddress != null" >
        RETURNADDRESS = #{returnaddress,jdbcType=VARCHAR},
      </if>
    </set>
    where TRANSSERIALNO = #{transserialno,jdbcType=VARCHAR}
  </update>
  <update id="updateByPrimaryKey" parameterType="sinosoft.project.transvideo.vo.TransVideo" >
    update PRE_TRANSVIDEO
    set ORIVEDIONAME = #{orivedioname,jdbcType=VARCHAR},
      ORIVEDIOPATH = #{orivediopath,jdbcType=VARCHAR},
      BANKCODE = #{bankcode,jdbcType=VARCHAR},
      BUSSNO = #{bussno,jdbcType=VARCHAR},
      TRANSSTATE = #{transstate,jdbcType=VARCHAR},
      TRANSTYPE = #{transtype,jdbcType=VARCHAR},
      TRANSCOUNT = #{transcount,jdbcType=DECIMAL},
      TRANSDATE = #{transdate,jdbcType=DATE},
      TRANSTIME = #{transtime,jdbcType=VARCHAR},
      NEWVEDIONAME = #{newvedioname,jdbcType=VARCHAR},
      NEWVEDIOPATH = #{newvediopath,jdbcType=VARCHAR},
      OPERATOR = #{operator,jdbcType=VARCHAR},
      MAKEDATE = #{makedate,jdbcType=DATE},
      MAKETIME = #{maketime,jdbcType=VARCHAR},
      MODIFYDATE = #{modifydate,jdbcType=DATE},
      MODIFYTIME = #{modifytime,jdbcType=VARCHAR},
      RETURNADDRESS = #{returnaddress,jdbcType=VARCHAR},
    where TRANSSERIALNO = #{transserialno,jdbcType=VARCHAR}
  </update>
  <!-- <select id="selectFileToDel" resultType="sinosoft.project.transvideo.vo.TransVideo" parameterType="java.lang.Integer">
			  		SELECT
				c.newvediopath,c.TRANSSERIALNO
			FROM
				(
					SELECT
						NVL (
							(
								SELECT
									FLOOR (
										CURRENT_DATE - prt2.MODIFYDATE
									)
								FROM
									dual
							),
							0
						) dat,
						prt2.TRANSSERIALNO,
						prt2.newvediopath,
						PRT2.TRANSTYPE,
						PRT2.TRANSINFO,
						PRT2.ISDELONTYPEIS1
					FROM
						PRE_TRANSVIDEO prt2
				) c
			WHERE
				c.TRANSTYPE = '1'
			AND c.dat > #{0}
			AND c.TRANSINFO = 'success' and c.ISDELONTYPEIS1!='1'
  </select> -->
  <!-- <update id="updateIsDelOnTypeIs1" parameterType="java.lang.String">
  		update PRE_TRANSVIDEO set ISDELONTYPEIS1='1' where TRANSSERIALNO=#{0}
  </update> -->
  <update id="updateIsdoAndTranscount" parameterType="java.lang.String">
  		update PRE_TRANSVIDEO b set b.ISDO=#{0}, b.TRANSCOUNT=(select nvl(a.TRANSCOUNT,'0') from PRE_TRANSVIDEO a
  		where a.TRANSSERIALNO = b.TRANSSERIALNO
  		)+1,TRANSSTATE='2' where  b.TRANSSERIALNO=#{1}
  </update>
  <select id="getInterface" parameterType="java.lang.String" resultType="java.lang.String">
  	select VALUE from SYS_TRANSCODE where TYPE=#{0}
  </select>
  <select id="SelectFile" parameterType="java.lang.String" resultType="java.lang.Integer">
  	select count(0) as total from PRE_TRANSVIDEO where orivediopath=#{0}
  </select>
</mapper>
